{
  "best_trial": 13,
  "best_fid": 56.75824319100449,
  "params": {
    "learning_rate": 0.0004549779595531,
    "base_channels": 96,
    "use_attention": false,
    "num_res_blocks": 3
  },
  "kid_mean": 0.02448005110360505,
  "kid_std": 0.0008322524312545128
}