{
 "seeds": [
  "1234",
  "3456",
  "5678",
  "9012"
 ],
 "n_total": 5551,
 "per_image_counts": {
  "1159_25.png": 964,
  "1159_29.png": 901,
  "1159_3.png": 804,
  "1159_7.png": 960,
  "7836.png": 964,
  "9338.png": 958
 },
 "all_candidates": {
  "clip_similarity": {
   "mean": 0.8164944839443179,
   "std": 0.07914284228321225,
   "min": 0.3439098298549652,
   "max": 0.963081955909729,
   "n": 5551
  },
  "lpips": {
   "mean": 0.6104838338022381,
   "std": 0.0799702408107084,
   "min": 0.32977235317230225,
   "max": 0.9820555448532104,
   "n": 5551
  },
  "pixel_mse": {
   "mean": 0.03347416566572432,
   "std": 0.013432381042302429,
   "min": 0.008633256889879704,
   "max": 0.1654147058725357,
   "n": 5551
  },
  "pixel_rmse": {
   "mean": 0.1792716067509165,
   "std": 0.03654937326049482,
   "min": 0.09291531890630722,
   "max": 0.40671205520629883,
   "n": 5551
  }
 },
 "best_per_image": {
  "clip_similarity": {
   "mean": 0.897275040547053,
   "std": 0.050526922247119556,
   "min": 0.8144875764846802,
   "max": 0.963081955909729,
   "n": 6
  },
  "lpips": {
   "mean": 0.4612063219149907,
   "std": 0.08022228171404029,
   "min": 0.32977235317230225,
   "max": 0.5514600872993469,
   "n": 6
  },
  "pixel_mse": {
   "mean": 0.01624466401214401,
   "std": 0.0051934445247790555,
   "min": 0.008633256889879704,
   "max": 0.024443864822387695,
   "n": 6
  }
 },
 "per_branch": {
  "clip": {
   "n": 24,
   "clip_similarity": {
    "mean": 0.87593841056029,
    "std": 0.05799415093315407,
    "min": 0.7704192996025085,
    "max": 0.963081955909729,
    "n": 24
   },
   "lpips": {
    "mean": 0.5917619802057743,
    "std": 0.07611422814592891,
    "min": 0.4347318410873413,
    "max": 0.7160277366638184,
    "n": 24
   },
   "pixel_rmse": {
    "mean": 0.17553343779097,
    "std": 0.029289857552654525,
    "min": 0.11445016413927078,
    "max": 0.22156210243701935,
    "n": 24
   },
   "pixel_mse": {
    "mean": 0.03166988348433127,
    "std": 0.01008293973689525,
    "min": 0.013098840601742268,
    "max": 0.049089763313531876,
    "n": 24
   },
   "rank_composite": {
    "mean": 67.65270833333334,
    "std": 44.95269437000705,
    "min": 8.0,
    "max": 157.0,
    "n": 24
   }
  },
  "lpips": {
   "n": 24,
   "clip_similarity": {
    "mean": 0.8282262111703554,
    "std": 0.08723167821608409,
    "min": 0.5294821262359619,
    "max": 0.9318972826004028,
    "n": 24
   },
   "lpips": {
    "mean": 0.5134736883143584,
    "std": 0.08277632545745048,
    "min": 0.34709078073501587,
    "max": 0.6212834119796753,
    "n": 24
   },
   "pixel_rmse": {
    "mean": 0.15540964373697838,
    "std": 0.02795285113064737,
    "min": 0.10625148564577103,
    "max": 0.2057410627603531,
    "n": 24
   },
   "pixel_mse": {
    "mean": 0.024933518609032035,
    "std": 0.008837386983364134,
    "min": 0.011289377696812153,
    "max": 0.04232938215136528,
    "n": 24
   },
   "rank_composite": {
    "mean": 47.81945833333333,
    "std": 31.471122229989362,
    "min": 4.333,
    "max": 107.333,
    "n": 24
   }
  },
  "mse": {
   "n": 24,
   "clip_similarity": {
    "mean": 0.8236024255553881,
    "std": 0.0776436316548701,
    "min": 0.6994976997375488,
    "max": 0.9423248171806335,
    "n": 24
   },
   "lpips": {
    "mean": 0.5374237249294916,
    "std": 0.08897584849425631,
    "min": 0.32977235317230225,
    "max": 0.6691280603408813,
    "n": 24
   },
   "pixel_rmse": {
    "mean": 0.14053372417887053,
    "std": 0.0259753954408256,
    "min": 0.1012512594461441,
    "max": 0.19005973637104034,
    "n": 24
   },
   "pixel_mse": {
    "mean": 0.020424448846218485,
    "std": 0.007557146038236431,
    "min": 0.010251818224787712,
    "max": 0.03612270578742027,
    "n": 24
   },
   "rank_composite": {
    "mean": 50.15283333333334,
    "std": 30.756891781445592,
    "min": 4.667,
    "max": 141.0,
    "n": 24
   }
  },
  "composite": {
   "n": 24,
   "clip_similarity": {
    "mean": 0.8662051831682523,
    "std": 0.059336827673204424,
    "min": 0.7180842161178589,
    "max": 0.9547260403633118,
    "n": 24
   },
   "lpips": {
    "mean": 0.5311187456051508,
    "std": 0.07533348615661864,
    "min": 0.382102906703949,
    "max": 0.6741532683372498,
    "n": 24
   },
   "pixel_rmse": {
    "mean": 0.15463206606606641,
    "std": 0.02765933398493308,
    "min": 0.10222882032394409,
    "max": 0.19379661977291107,
    "n": 24
   },
   "pixel_mse": {
    "mean": 0.02467611470880608,
    "std": 0.00809161616077158,
    "min": 0.01045073103159666,
    "max": 0.03755713254213333,
    "n": 24
   },
   "rank_composite": {
    "mean": 26.152708333333333,
    "std": 19.148750193069972,
    "min": 1.667,
    "max": 70.667,
    "n": 24
   }
  }
 },
 "submitted_top3": {
  "clip_similarity": {
   "mean": 0.8402477337254418,
   "std": 0.09567770800224612,
   "min": 0.5294821262359619,
   "max": 0.963081955909729,
   "n": 18
  },
  "lpips": {
   "mean": 0.5153405567010244,
   "std": 0.09061417392902375,
   "min": 0.32977235317230225,
   "max": 0.6345871686935425,
   "n": 18
  },
  "pixel_mse": {
   "mean": 0.023760021146800783,
   "std": 0.01008663038391247,
   "min": 0.010251818224787712,
   "max": 0.04598469287157059,
   "n": 18
  },
  "pixel_rmse": {
   "mean": 0.15071675760878456,
   "std": 0.03231842260329536,
   "min": 0.1012512594461441,
   "max": 0.21444042026996613,
   "n": 18
  },
  "n": 18
 },
 "spearman": {
  "clip_vs_lpips": -0.2684761714824399,
  "clip_vs_mse": -0.02942134112229736,
  "lpips_vs_mse": 0.7414585806109342
 },
 "per_seed_best": {
  "1234": {
   "clip": {
    "mean": 0.8927616675694784,
    "std": 0.048944485525435004,
    "min": 0.8144875764846802,
    "max": 0.9543294906616211,
    "n": 6
   },
   "lpips": {
    "mean": 0.48385030031204224,
    "std": 0.0877603652931778,
    "min": 0.32977235317230225,
    "max": 0.593256950378418,
    "n": 6
   },
   "pixel_mse": {
    "mean": 0.018312195626397926,
    "std": 0.005909685576302521,
    "min": 0.010251818224787712,
    "max": 0.027419673278927803,
    "n": 6
   }
  },
  "3456": {
   "clip": {
    "mean": 0.8872120479742686,
    "std": 0.053274847227569255,
    "min": 0.7974684238433838,
    "max": 0.963081955909729,
    "n": 6
   },
   "lpips": {
    "mean": 0.48257265488306683,
    "std": 0.07745774832295711,
    "min": 0.36835014820098877,
    "max": 0.5904513597488403,
    "n": 6
   },
   "pixel_mse": {
    "mean": 0.018468687155594427,
    "std": 0.0075907018803894185,
    "min": 0.008633256889879704,
    "max": 0.029474269598722458,
    "n": 6
   }
  },
  "5678": {
   "clip": {
    "mean": 0.8890837828318278,
    "std": 0.049799702843615914,
    "min": 0.8075027465820312,
    "max": 0.951259195804596,
    "n": 6
   },
   "lpips": {
    "mean": 0.49784711996714276,
    "std": 0.07069735942740286,
    "min": 0.39698731899261475,
    "max": 0.5900670289993286,
    "n": 6
   },
   "pixel_mse": {
    "mean": 0.019654372086127598,
    "std": 0.0072426431945157195,
    "min": 0.010748808272182941,
    "max": 0.03126762434840202,
    "n": 6
   }
  },
  "9012": {
   "clip": {
    "mean": 0.8853027721246084,
    "std": 0.058731340171837725,
    "min": 0.7829593420028687,
    "max": 0.9547260403633118,
    "n": 6
   },
   "lpips": {
    "mean": 0.47135374943415326,
    "std": 0.08028697219135783,
    "min": 0.34709078073501587,
    "max": 0.5606329441070557,
    "n": 6
   },
   "pixel_mse": {
    "mean": 0.017713481405129034,
    "std": 0.005290890791332768,
    "min": 0.009921561926603317,
    "max": 0.026625139638781548,
    "n": 6
   }
  }
 },
 "grid_manifest": {
  "1159_25__clip": {
   "prompt": "Golden-yellow juice in a clear glass, garnished with an orange wedge, scattered pieces, earthy brown backdrop, diffused light, photostock vibe!",
   "clip_similarity": 0.963081955909729,
   "lpips": 0.4347318410873413,
   "pixel_mse": 0.023448936641216278,
   "pixel_rmse": 0.1531304568052292,
   "rank_composite": 8.0,
   "branch": "clip",
   "seed": "3456",