{
  "n_repetitions": 5,
  "optimiser_seeds": [
    1234,
    3456,
    5678,
    7890,
    9012
  ],
  "source_files": [
    "phase4_s1234_summary.json",
    "phase4_s3456_summary.json",
    "phase4_s5678_summary.json",
    "phase4_s7890_summary.json",
    "phase4_s9012_summary.json"
  ],
  "across_seeds": {
    "best_per_image_top1": {
      "clip_similarity": {
        "mean": 0.871783,
        "std": 0.004617,
        "per_run": [
          0.877956,
          0.872397,
          0.866631,
          0.875451,
          0.866482
        ],
        "n": 5
      },
      "lpips": {
        "mean": 0.514037,
        "std": 0.010767,
        "per_run": [
          0.518028,
          0.499454,
          0.525179,
          0.52441,
          0.503116
        ],
        "n": 5
      },
      "pixel_mse": {
        "mean": 0.021763,
        "std": 0.000652,
        "per_run": [
          0.022793,
          0.021061,
          0.021991,
          0.021056,
          0.021912
        ],
        "n": 5
      }
    },
    "submitted_top3": {
      "clip_similarity": {
        "mean": 0.869014,
        "std": 0.003528,
        "per_run": [
          0.870817,
          0.864932,
          0.873706,
          0.870757,
          0.86486
        ],
        "n": 5
      },
      "lpips": {
        "mean": 0.519362,
        "std": 0.009731,
        "per_run": [
          0.521614,
          0.511008,
          0.536795,
          0.517604,
          0.50979
        ],
        "n": 5
      },
      "pixel_mse": {
        "mean": 0.022288,
        "std": 0.000859,
        "per_run": [
          0.022831,
          0.021637,
          0.023717,
          0.021464,
          0.02179
        ],
        "n": 5
      }
    }
  }
}