{
  "best_trial": 4,
  "best_fid": 177.43865743650912,
  "params": {
    "latent_dims": 64,
    "learning_rate": 0.000790261954970823,
    "base_channels": 32,
    "base_updates_per_g": 5
  },
  "kid_mean": 0.15490444819969457,
  "kid_std": 0.0021603914113570845
}