{
  "best_trial": 25,
  "best_fid": 54.455334496315174,
  "params": {
    "learning_rate": 0.0004937053248284887,
    "base_channels": 96,
    "use_attention": false,
    "num_res_blocks": 3
  },
  "kid_mean": 0.016037199551170653,
  "kid_std": 0.000454356918237224
}